<?xml version="1.0" encoding="UTF-8"?>
<element>
   <form>
      <fields>
         <fieldset name="general-settings" label="TPL_ASTROID_GENERAL_SETTINGS_LABEL" addfieldpath="/libraries/astroid/framework/fields">
            <field type="astroidtext" class="form-control" label="ASTROID_CUSTOM_CLASS" name="customclass"></field>
            <field type="astroidtext" class="form-control" label="ASTROID_CUSTOM_ID" name="customid"></field>
         </fieldset>
      </fields>
   </form>
</element>