{
   "preloader": "1",
   "preloder_setting": "fontawesome",
   "preloader_image": "",
   "preloader_image_repeat": "",
   "preloader_image_size": "",
   "preloader_image_position": "",
   "preloader_animation": "wandering-cubes",
   "preloader_fontawesome": "fas fa-spinner fa-spin",
   "preloader_color": "rgb(28, 96, 255)",
   "preloader_bgcolor": "rgb(255, 255, 255)",
   "preloader_size": "40",
   "sass_variables": {
      "spinkit-size": "smooth_scroll_speed"
   },
   "backtotop": "1",
   "backtotop_icon": "fas fa-arrow-up",
   "backtotop_icon_size": "20",
   "backtotop_icon_color": "rgb(255, 255, 255)",
   "backtotop_icon_bgcolor": "rgb(28, 96, 255)",
   "backtotop_icon_style": "square",
   "backtotop_on_mobile": "1",
   "template_layout": "wide",
   "layout_background_image": "",
   "layout_background_repeat": "",
   "layout_background_size": "",
   "layout_background_position": "",
   "layout_background_attachment": "",
   "enable_smooth_scroll": "0",
   "smooth_scroll_speed": "300",
   "header": "1",
   "header_module_position": "astroid-header",
   "header_mode": "horizontal",
   "header_horizontal_menu_mode": "right",
   "header_sidebar_menu_mode": "left",
   "header_stacked_menu_mode": "center",
   "odd_menu_items": "left",
   "header_block_1_type": "blank",
   "header_block_1_position": "content",
   "header_block_1_custom": "",
   "header_block_2_type": "blank",
   "header_block_2_position": "",
   "header_block_2_custom": "",
   "header_menu": "mainmenu",
   "header_endLevel": "0",
   "header_mobile_menu": "mainmenu",
   "header_mobile_endLevel": "0",
   "dropdown_trigger": "hover",
   "dropdown_arrow": "1",
   "logo_type": "image",
   "logo_text": "Astroid",
   "tag_line": "Your Joomla site Title",
   "defult_logo": "TEMPLATE_NAME/logo.png",
   "mobile_logo": "TEMPLATE_NAME/logo2x.png",
   "enable_sticky_menu": "1",
   "stickey_horizontal_menu_mode": "right",
   "stickey_header_logo": "TEMPLATE_NAME/logo_sticky.png",
   "stickey_block_1_type": "blank",
   "stickey_block_1_position": "",
   "stickey_block_1_custom": "",
   "stickey_header_logo": "TEMPLATE_NAME/logo_sticky.png",
   "stickyheader": "sticky",
   "stickyheadertablet": "static",
   "stickyheadermobile": "static",
   "enable_offcanvas": "0",
   "offcanvas_togglevisibility": "d-block",
   "offcanvas_panelwidth": "320px",
   "offcanvas_animation": "st-effect-1",
   "offcanvas_direction": "offcanvasDirLeft",
   "dropdown_animation_type": "fade",
   "dropdown_animation_speed": "300",
   "dropdown_animation_ease": "linear",
   "body_background_color": "rgb(255, 255, 255)",
   "body_text_color": "rgb(112, 121, 159)",
   "body_link_color": "rgb(4, 12, 44)",
   "body_link_hover_color": "rgb(28, 96, 255)",
   "header_bg": "",
   "header_text_color": "rgb(112, 121, 159)",
   "header_logo_text_color": "rgb(112, 121, 159)",
   "header_logo_text_tagline_color": "rgb(112, 121, 159)",
   "stick_header_bg_color": "rgb(255, 255, 255)",
   "stick_header_menu_link_color": "rgb(44, 46, 54)",
   "stick_header_menu_link_active_color": "rgb(28, 96, 255)",
   "stick_header_menu_link_hover_color": "rgb(28, 96, 255)",
   "main_menu_link_color": "rgb(4, 12, 44)",
   "main_menu_link_active_color": "rgb(28, 96, 255)",
   "main_menu_link_hover_color": "rgb(28, 96, 255)",
   "dropdown_bg_color": "rgb(255, 255, 255)",
   "dropdown_link_color": "rgb(4, 12, 44)",
   "dropdown_menu_active_link_color": "rgb(255, 255, 255)",
   "dropdown_menu_active_bg_color": "rgb(28, 96, 255)",
   "dropdown_menu_link_hover_color": "rgb(255, 255, 255)",
   "dropdown_menu_hover_bg_color": "rgb(28, 96, 255)",
   "mobile_backgroundcolor": "rgb(255, 255, 255)",
   "mobile_menu_text_color": "rgb(112, 121, 159)",
   "mobile_menu_link_color": "rgb(4, 12, 44)",
   "mobile_menu_active_link_color": "rgb(28, 96, 255)",
   "mobile_menu_active_bg_color": "rgb(255, 255, 255)",
   "layout": "{\"sections\":[{\"id\":\"1528971557124\",\"type\":\"section\",\"rows\":[{\"id\":\"1528971598876\",\"cols\":[{\"id\":\"1528971598876\",\"elements\":[{\"id\":\"1530687694246\",\"type\":\"module_position\",\"params\":[{\"name\":\"position\",\"value\":\"astroid-top-contact\"},{\"name\":\"title\",\"value\":\"Astroid Contact Details\"},{\"name\":\"customclass\",\"value\":\"top-header-navbar  py-2\"},{\"name\":\"customid\",\"value\":\"\"},{\"name\":\"animation\",\"value\":\"\"},{\"name\":\"animation_delay\",\"value\":\"\"},{\"name\":\"background\",\"value\":\"0\"},{\"name\":\"background_color\",\"value\":\"\"},{\"name\":\"background_image\",\"value\":\"\"},{\"name\":\"background_repeat\",\"value\":\"\"},{\"name\":\"background_size\",\"value\":\"\"},{\"name\":\"background_attchment\",\"value\":\"\"},{\"name\":\"background_position\",\"value\":\"\"},{\"name\":\"background_video\",\"value\":\"\"},{\"name\":\"hideonxs\",\"value\":\"1\"},{\"name\":\"hideonsm\",\"value\":\"1\"},{\"name\":\"hideonmd\",\"value\":\"1\"},{\"name\":\"hideonlg\",\"value\":\"0\"},{\"name\":\"hideonxl\",\"value\":\"0\"}]}],\"size\":6,\"type\":\"column\",\"params\":[{\"name\":\"title\",\"value\":\"\"},{\"name\":\"customclass\",\"value\":\"\"},{\"name\":\"customid\",\"value\":\"\"},{\"name\":\"animation\",\"value\":\"\"},{\"name\":\"animation_delay\",\"value\":\"\"},{\"name\":\"background\",\"value\":\"0\"},{\"name\":\"background_color\",\"value\":\"\"},{\"name\":\"background_image\",\"value\":\"\"},{\"name\":\"background_repeat\",\"value\":\"\"},{\"name\":\"background_size\",\"value\":\"\"},{\"name\":\"background_attchment\",\"value\":\"\"},{\"name\":\"background_position\",\"value\":\"\"},{\"name\":\"background_video\",\"value\":\"\"},{\"name\":\"custom_colors\",\"value\":\"0\"},{\"name\":\"text_color\",\"value\":\"\"},{\"name\":\"link_color\",\"value\":\"\"},{\"name\":\"link_hover_color\",\"value\":\"\"},{\"name\":\"responsive\",\"value\":\"\"}]},{\"id\":\"1528971598876\",\"elements\":[{\"id\":\"1530678145666\",\"type\":\"module_position\",\"params\":[{\"name\":\"position\",\"value\":\"header-top-1\"},{\"name\":\"title\",\"value\":\"Header Top 1\"},{\"name\":\"customclass\",\"value\":\"top-header-navbar text-right d-flex justify-content-end align-items-center\"},{\"name\":\"customid\",\"value\":\"\"},{\"name\":\"animation\",\"value\":\"\"},{\"name\":\"animation_delay\",\"value\":\"\"},{\"name\":\"background\",\"value\":\"0\"},{\"name\":\"background_color\",\"value\":\"\"},{\"name\":\"background_image\",\"value\":\"\"},{\"name\":\"background_repeat\",\"value\":\"\"},{\"name\":\"background_size\",\"value\":\"\"},{\"name\":\"background_attchment\",\"value\":\"\"},{\"name\":\"background_position\",\"value\":\"\"},{\"name\":\"background_video\",\"value\":\"\"},{\"name\":\"hideonxs\",\"value\":\"1\"},{\"name\":\"hideonsm\",\"value\":\"1\"},{\"name\":\"hideonmd\",\"value\":\"1\"},{\"name\":\"hideonlg\",\"value\":\"0\"},{\"name\":\"hideonxl\",\"value\":\"0\"}]}],\"size\":6,\"type\":\"column\"}],\"type\":\"row\"},{\"id\":\"1528971557124\",\"cols\":[{\"id\":\"1528971557124\",\"elements\":[{\"id\":\"1528971659159\",\"type\":\"module_position\",\"params\":[{\"name\":\"position\",\"value\":\"astroid-header\"},{\"name\":\"title\",\"value\":\"Astroid Header\"},{\"name\":\"customclass\",\"value\":\"\"},{\"name\":\"customid\",\"value\":\"\"},{\"name\":\"animation\",\"value\":\"\"},{\"name\":\"animation_delay\",\"value\":\"\"},{\"name\":\"background_setting\",\"value\":\"color\"},{\"name\":\"background_color\",\"value\":\"rgb(255, 255, 255)\"},{\"name\":\"background_image\",\"value\":\"\"},{\"name\":\"background_repeat\",\"value\":\"\"},{\"name\":\"background_size\",\"value\":\"\"},{\"name\":\"background_attchment\",\"value\":\"\"},{\"name\":\"background_position\",\"value\":\"\"},{\"name\":\"background_video\",\"value\":\"\"},{\"name\":\"background_gradient\",\"value\":\"{\\\"type\\\":\\\"linear\\\",\\\"start\\\":\\\"rgba(0, 0, 0, 0)\\\",\\\"stop\\\":\\\"rgba(0, 0, 0, 0)\\\"}\"},{\"name\":\"background_gradient[gradient_type]\",\"value\":\"linear\"},{\"name\":\"background_gradient[start_color]\",\"value\":\"rgba(0, 0, 0, 0)\"},{\"name\":\"background_gradient[stop_color]\",\"value\":\"rgba(0, 0, 0, 0)\"},{\"name\":\"hideonxs\",\"value\":\"0\"},{\"name\":\"hideonsm\",\"value\":\"0\"},{\"name\":\"hideonmd\",\"value\":\"0\"},{\"name\":\"hideonlg\",\"value\":\"0\"},{\"name\":\"hideonxl\",\"value\":\"0\"}]}],\"size\":12,\"type\":\"column\"}],\"type\":\"row\"}],\"params\":[{\"name\":\"title\",\"value\":\"Header Section\"},{\"name\":\"customclass\",\"value\":\"solid_header\"},{\"name\":\"customid\",\"value\":\"\"},{\"name\":\"layout_type\",\"value\":\"\"},{\"name\":\"custom_container_class\",\"value\":\"\"},{\"name\":\"animation\",\"value\":\"\"},{\"name\":\"animation_delay\",\"value\":\"\"},{\"name\":\"background_setting\",\"value\":\"color\"},{\"name\":\"background_color\",\"value\":\"rgb(255, 255, 255)\"},{\"name\":\"img_background_color\",\"value\":\"\"},{\"name\":\"background_image\",\"value\":\"\"},{\"name\":\"background_repeat\",\"value\":\"\"},{\"name\":\"background_size\",\"value\":\"\"},{\"name\":\"background_attchment\",\"value\":\"\"},{\"name\":\"background_position\",\"value\":\"\"},{\"name\":\"background_video\",\"value\":\"\"},{\"name\":\"background_gradient\",\"value\":\"{\\\"type\\\":\\\"linear\\\",\\\"start\\\":\\\"rgba(0, 0, 0, 0)\\\",\\\"stop\\\":\\\"rgba(0, 0, 0, 0)\\\"}\"},{\"name\":\"background_gradient[gradient_type]\",\"value\":\"linear\"},{\"name\":\"background_gradient[start_color]\",\"value\":\"rgba(0, 0, 0, 0)\"},{\"name\":\"background_gradient[stop_color]\",\"value\":\"rgba(0, 0, 0, 0)\"},{\"name\":\"custom_colors\",\"value\":\"1\"},{\"name\":\"text_color\",\"value\":\"rgb(4, 12, 44)\"},{\"name\":\"link_color\",\"value\":\"rgb(4, 12, 44)\"},{\"name\":\"link_hover_color\",\"value\":\"rgb(4, 12, 44)\"},{\"name\":\"hideonxs\",\"value\":\"0\"},{\"name\":\"hideonsm\",\"value\":\"0\"},{\"name\":\"hideonmd\",\"value\":\"0\"},{\"name\":\"hideonlg\",\"value\":\"0\"},{\"name\":\"hideonxl\",\"value\":\"0\"}]},{\"id\":\"1530253034875\",\"type\":\"section\",\"rows\":[{\"id\":\"1530253034876\",\"cols\":[{\"id\":\"1530253034876\",\"elements\":[{\"id\":\"1530253041067\",\"type\":\"module_position\",\"params\":[{\"name\":\"position\",\"value\":\"slider\"},{\"name\":\"title\",\"value\":\"Slider\"},{\"name\":\"customclass\",\"value\":\"\"},{\"name\":\"customid\",\"value\":\"\"},{\"name\":\"animation\",\"value\":\"\"},{\"name\":\"animation_delay\",\"value\":\"\"},{\"name\":\"background\",\"value\":\"0\"},{\"name\":\"background_color\",\"value\":\"\"},{\"name\":\"background_image\",\"value\":\"\"},{\"name\":\"background_repeat\",\"value\":\"\"},{\"name\":\"background_size\",\"value\":\"\"},{\"name\":\"background_attchment\",\"value\":\"\"},{\"name\":\"background_position\",\"value\":\"\"},{\"name\":\"background_video\",\"value\":\"\"},{\"name\":\"hideonxs\",\"value\":\"0\"},{\"name\":\"hideonsm\",\"value\":\"0\"},{\"name\":\"hideonmd\",\"value\":\"0\"},{\"name\":\"hideonlg\",\"value\":\"0\"},{\"name\":\"hideonxl\",\"value\":\"0\"}]}],\"size\":12,\"type\":\"column\"}],\"type\":\"row\"}],\"params\":[{\"name\":\"title\",\"value\":\"Slider Section\"},{\"name\":\"customclass\",\"value\":\"\"},{\"name\":\"customid\",\"value\":\"\"},{\"name\":\"layout_type\",\"value\":\"no-container\"},{\"name\":\"custom_container_class\",\"value\":\"\"},{\"name\":\"animation\",\"value\":\"\"},{\"name\":\"animation_delay\",\"value\":\"\"},{\"name\":\"background_setting\",\"value\":\"0\"},{\"name\":\"background_color\",\"value\":\"\"},{\"name\":\"img_background_color\",\"value\":\"\"},{\"name\":\"background_image\",\"value\":\"\"},{\"name\":\"background_repeat\",\"value\":\"\"},{\"name\":\"background_size\",\"value\":\"\"},{\"name\":\"background_attchment\",\"value\":\"\"},{\"name\":\"background_position\",\"value\":\"\"},{\"name\":\"background_video\",\"value\":\"\"},{\"name\":\"background_gradient\",\"value\":\"{\\\"type\\\":\\\"linear\\\",\\\"start\\\":\\\"rgba(0, 0, 0, 0)\\\",\\\"stop\\\":\\\"rgba(0, 0, 0, 0)\\\"}\"},{\"name\":\"background_gradient[gradient_type]\",\"value\":\"linear\"},{\"name\":\"background_gradient[start_color]\",\"value\":\"rgba(0, 0, 0, 0)\"},{\"name\":\"background_gradient[stop_color]\",\"value\":\"rgba(0, 0, 0, 0)\"},{\"name\":\"custom_colors\",\"value\":\"0\"},{\"name\":\"text_color\",\"value\":\"\"},{\"name\":\"link_color\",\"value\":\"\"},{\"name\":\"link_hover_color\",\"value\":\"\"},{\"name\":\"hideonxs\",\"value\":\"0\"},{\"name\":\"hideonsm\",\"value\":\"0\"},{\"name\":\"hideonmd\",\"value\":\"0\"},{\"name\":\"hideonlg\",\"value\":\"0\"},{\"name\":\"hideonxl\",\"value\":\"0\"}]},{\"id\":\"1532933369360\",\"type\":\"section\",\"rows\":[{\"id\":\"1532933369361\",\"cols\":[{\"id\":\"1532933369361\",\"elements\":[{\"id\":\"1532933371912\",\"type\":\"banner\",\"params\":[{\"name\":\"title\",\"value\":\"Banner\"},{\"name\":\"customclass\",\"value\":\"banner-page-title\"},{\"name\":\"customid\",\"value\":\"\"},{\"name\":\"animation\",\"value\":\"\"},{\"name\":\"animation_delay\",\"value\":\"\"},{\"name\":\"background\",\"value\":\"1\"},{\"name\":\"background_color\",\"value\":\"\"},{\"name\":\"background_image\",\"value\":\"\"},{\"name\":\"background_repeat\",\"value\":\"no-repeat\"},{\"name\":\"background_size\",\"value\":\"cover\"},{\"name\":\"background_attchment\",\"value\":\"\"},{\"name\":\"background_position\",\"value\":\"center center\"},{\"name\":\"background_video\",\"value\":\"\"},{\"name\":\"hideonxs\",\"value\":\"0\"},{\"name\":\"hideonsm\",\"value\":\"0\"},{\"name\":\"hideonmd\",\"value\":\"0\"},{\"name\":\"hideonlg\",\"value\":\"0\"},{\"name\":\"hideonxl\",\"value\":\"0\"}]}],\"size\":12,\"type\":\"column\"}],\"type\":\"row\"}],\"params\":[{\"name\":\"title\",\"value\":\"Banner Section\"},{\"name\":\"customclass\",\"value\":\"\"},{\"name\":\"customid\",\"value\":\"\"},{\"name\":\"layout_type\",\"value\":\"no-container\"},{\"name\":\"custom_container_class\",\"value\":\"\"},{\"name\":\"animation\",\"value\":\"\"},{\"name\":\"background\",\"value\":\"0\"},{\"name\":\"background_color\",\"value\":\"\"},{\"name\":\"background_image\",\"value\":\"\"},{\"name\":\"background_repeat\",\"value\":\"\"},{\"name\":\"background_size\",\"value\":\"\"},{\"name\":\"background_attchment\",\"value\":\"\"},{\"name\":\"background_position\",\"value\":\"\"},{\"name\":\"background_video\",\"value\":\"\"},{\"name\":\"hideonxs\",\"value\":\"0\"},{\"name\":\"hideonsm\",\"value\":\"0\"},{\"name\":\"hideonmd\",\"value\":\"0\"},{\"name\":\"hideonlg\",\"value\":\"0\"},{\"name\":\"hideonxl\",\"value\":\"0\"}]},{\"id\":\"1530700515857\",\"type\":\"section\",\"rows\":[{\"id\":\"1530700515857\",\"cols\":[{\"id\":\"1530700515857\",\"elements\":[{\"id\":\"1530700519153\",\"type\":\"module_position\",\"params\":[{\"name\":\"position\",\"value\":\"breadcrumbs\"},{\"name\":\"title\",\"value\":\"Breadcrumbs\"},{\"name\":\"customclass\",\"value\":\"\"},{\"name\":\"customid\",\"value\":\"\"},{\"name\":\"animation\",\"value\":\"\"},{\"name\":\"background\",\"value\":\"0\"},{\"name\":\"background_color\",\"value\":\"\"},{\"name\":\"background_image\",\"value\":\"\"},{\"name\":\"background_repeat\",\"value\":\"\"},{\"name\":\"background_size\",\"value\":\"\"},{\"name\":\"background_attchment\",\"value\":\"\"},{\"name\":\"background_position\",\"value\":\"\"},{\"name\":\"background_video\",\"value\":\"\"},{\"name\":\"hideonxs\",\"value\":\"0\"},{\"name\":\"hideonsm\",\"value\":\"0\"},{\"name\":\"hideonmd\",\"value\":\"0\"},{\"name\":\"hideonlg\",\"value\":\"0\"},{\"name\":\"hideonxl\",\"value\":\"0\"}]}],\"size\":12,\"type\":\"column\"}],\"type\":\"row\"}],\"params\":[{\"name\":\"title\",\"value\":\"Breadcrumbs Section\"},{\"name\":\"customclass\",\"value\":\"py-3 \"},{\"name\":\"customid\",\"value\":\"\"},{\"name\":\"layout_type\",\"value\":\"\"},{\"name\":\"custom_container_class\",\"value\":\"\"},{\"name\":\"animation\",\"value\":\"\"},{\"name\":\"animation_delay\",\"value\":\"\"},{\"name\":\"background\",\"value\":\"0\"},{\"name\":\"background_color\",\"value\":\"\"},{\"name\":\"background_image\",\"value\":\"\"},{\"name\":\"background_repeat\",\"value\":\"\"},{\"name\":\"background_size\",\"value\":\"\"},{\"name\":\"background_attchment\",\"value\":\"\"},{\"name\":\"background_position\",\"value\":\"\"},{\"name\":\"background_video\",\"value\":\"\"},{\"name\":\"custom_colors\",\"value\":\"0\"},{\"name\":\"text_color\",\"value\":\"\"},{\"name\":\"link_color\",\"value\":\"\"},{\"name\":\"link_hover_color\",\"value\":\"\"},{\"name\":\"hideonxs\",\"value\":\"0\"},{\"name\":\"hideonsm\",\"value\":\"0\"},{\"name\":\"hideonmd\",\"value\":\"0\"},{\"name\":\"hideonlg\",\"value\":\"0\"},{\"name\":\"hideonxl\",\"value\":\"0\"}]},{\"id\":\"1531111778432\",\"type\":\"section\",\"rows\":[{\"id\":\"1531111778432\",\"cols\":[{\"id\":\"1531111778432\",\"elements\":[{\"id\":\"671568190258282\",\"type\":\"message\",\"params\":[{\"name\":\"title\",\"value\":\"Messages\"},{\"name\":\"customclass\",\"value\":\"\"},{\"name\":\"customid\",\"value\":\"\"},{\"name\":\"animation\",\"value\":\"\"},{\"name\":\"animation_delay\",\"value\":\"\"},{\"name\":\"background_setting\",\"value\":\"0\"},{\"name\":\"background_color\",\"value\":\"\"},{\"name\":\"img_background_color\",\"value\":\"\"},{\"name\":\"background_image\",\"value\":\"\"},{\"name\":\"background_repeat\",\"value\":\"\"},{\"name\":\"background_size\",\"value\":\"\"},{\"name\":\"background_attchment\",\"value\":\"\"},{\"name\":\"background_position\",\"value\":\"\"},{\"name\":\"background_video\",\"value\":\"\"},{\"name\":\"background_gradient\",\"value\":\"{\\\"type\\\":\\\"linear\\\",\\\"start\\\":\\\"rgba(0, 0, 0, 0)\\\",\\\"stop\\\":\\\"rgba(0, 0, 0, 0)\\\"}\"},{\"name\":\"background_gradient[gradient_type]\",\"value\":\"linear\"},{\"name\":\"background_gradient[start_color]\",\"value\":\"rgba(0, 0, 0, 0)\"},{\"name\":\"background_gradient[stop_color]\",\"value\":\"rgba(0, 0, 0, 0)\"},{\"name\":\"hideonxs\",\"value\":\"0\"},{\"name\":\"hideonsm\",\"value\":\"0\"},{\"name\":\"hideonmd\",\"value\":\"0\"},{\"name\":\"hideonlg\",\"value\":\"0\"},{\"name\":\"hideonxl\",\"value\":\"0\"}]},{\"id\":\"1531111782185\",\"type\":\"component\",\"params\":[{\"name\":\"title\",\"value\":\"Component Area\"},{\"name\":\"customclass\",\"value\":\"mb-5 mb-lg-0\"},{\"name\":\"customid\",\"value\":\"\"},{\"name\":\"background\",\"value\":\"0\"},{\"name\":\"background_color\",\"value\":\"\"},{\"name\":\"background_image\",\"value\":\"\"},{\"name\":\"background_repeat\",\"value\":\"\"},{\"name\":\"background_size\",\"value\":\"\"},{\"name\":\"background_attchment\",\"value\":\"\"},{\"name\":\"background_position\",\"value\":\"\"},{\"name\":\"background_video\",\"value\":\"\"},{\"name\":\"animation\",\"value\":\"\"},{\"name\":\"hideonxs\",\"value\":\"0\"},{\"name\":\"hideonsm\",\"value\":\"0\"},{\"name\":\"hideonmd\",\"value\":\"0\"},{\"name\":\"hideonlg\",\"value\":\"0\"},{\"name\":\"hideonxl\",\"value\":\"0\"}]}],\"size\":8,\"type\":\"column\"},{\"id\":\"1533126085600\",\"elements\":[{\"id\":\"1533126087279\",\"type\":\"module_position\",\"params\":[{\"name\":\"position\",\"value\":\"right\"},{\"name\":\"title\",\"value\":\"Right\"},{\"name\":\"customclass\",\"value\":\"blog-sidebar blog-sidebar-right\"},{\"name\":\"customid\",\"value\":\"\"},{\"name\":\"animation\",\"value\":\"\"},{\"name\":\"background\",\"value\":\"0\"},{\"name\":\"background_color\",\"value\":\"\"},{\"name\":\"background_image\",\"value\":\"\"},{\"name\":\"background_repeat\",\"value\":\"\"},{\"name\":\"background_size\",\"value\":\"\"},{\"name\":\"background_attchment\",\"value\":\"\"},{\"name\":\"background_position\",\"value\":\"\"},{\"name\":\"background_video\",\"value\":\"\"},{\"name\":\"hideonxs\",\"value\":\"0\"},{\"name\":\"hideonsm\",\"value\":\"0\"},{\"name\":\"hideonmd\",\"value\":\"0\"},{\"name\":\"hideonlg\",\"value\":\"0\"},{\"name\":\"hideonxl\",\"value\":\"0\"}]}],\"size\":4,\"type\":\"column\"}],\"type\":\"row\"}],\"params\":[{\"name\":\"title\",\"value\":\"Component area\"},{\"name\":\"customclass\",\"value\":\"py-5 \"},{\"name\":\"customid\",\"value\":\"\"},{\"name\":\"layout_type\",\"value\":\"\"},{\"name\":\"custom_container_class\",\"value\":\"\"},{\"name\":\"animation\",\"value\":\"\"},{\"name\":\"animation_delay\",\"value\":\"\"},{\"name\":\"background_setting\",\"value\":\"0\"},{\"name\":\"background_color\",\"value\":\"\"},{\"name\":\"img_background_color\",\"value\":\"\"},{\"name\":\"background_image\",\"value\":\"\"},{\"name\":\"background_repeat\",\"value\":\"\"},{\"name\":\"background_size\",\"value\":\"\"},{\"name\":\"background_attchment\",\"value\":\"\"},{\"name\":\"background_position\",\"value\":\"\"},{\"name\":\"background_video\",\"value\":\"\"},{\"name\":\"background_gradient\",\"value\":\"{\\\"type\\\":\\\"linear\\\",\\\"start\\\":\\\"rgba(0, 0, 0, 0)\\\",\\\"stop\\\":\\\"rgba(0, 0, 0, 0)\\\"}\"},{\"name\":\"background_gradient[gradient_type]\",\"value\":\"linear\"},{\"name\":\"background_gradient[start_color]\",\"value\":\"rgba(0, 0, 0, 0)\"},{\"name\":\"background_gradient[stop_color]\",\"value\":\"rgba(0, 0, 0, 0)\"},{\"name\":\"custom_colors\",\"value\":\"0\"},{\"name\":\"text_color\",\"value\":\"\"},{\"name\":\"link_color\",\"value\":\"\"},{\"name\":\"link_hover_color\",\"value\":\"\"},{\"name\":\"hideonxs\",\"value\":\"0\"},{\"name\":\"hideonsm\",\"value\":\"0\"},{\"name\":\"hideonmd\",\"value\":\"0\"},{\"name\":\"hideonlg\",\"value\":\"0\"},{\"name\":\"hideonxl\",\"value\":\"0\"}]},{\"id\":\"1530273580722\",\"type\":\"section\",\"rows\":[{\"id\":\"1530273580722\",\"cols\":[{\"id\":\"1530273580722\",\"elements\":[{\"id\":\"1530273605969\",\"type\":\"module_position\",\"params\":[{\"name\":\"position\",\"value\":\"position-1\"},{\"name\":\"title\",\"value\":\"Position 1\"},{\"name\":\"customclass\",\"value\":\"\"},{\"name\":\"customid\",\"value\":\"\"},{\"name\":\"animation\",\"value\":\"\"},{\"name\":\"animation_delay\",\"value\":\"\"},{\"name\":\"background_setting\",\"value\":\"0\"},{\"name\":\"background_color\",\"value\":\"\"},{\"name\":\"img_background_color\",\"value\":\"\"},{\"name\":\"background_image\",\"value\":\"\"},{\"name\":\"background_repeat\",\"value\":\"\"},{\"name\":\"background_size\",\"value\":\"\"},{\"name\":\"background_attchment\",\"value\":\"\"},{\"name\":\"background_position\",\"value\":\"\"},{\"name\":\"background_video\",\"value\":\"\"},{\"name\":\"background_gradient\",\"value\":\"{\\\"type\\\":\\\"linear\\\",\\\"start\\\":\\\"rgba(0, 0, 0, 0)\\\",\\\"stop\\\":\\\"rgba(0, 0, 0, 0)\\\"}\"},{\"name\":\"background_gradient[gradient_type]\",\"value\":\"linear\"},{\"name\":\"background_gradient[start_color]\",\"value\":\"rgba(0, 0, 0, 0)\"},{\"name\":\"background_gradient[stop_color]\",\"value\":\"rgba(0, 0, 0, 0)\"},{\"name\":\"hideonxs\",\"value\":\"0\"},{\"name\":\"hideonsm\",\"value\":\"0\"},{\"name\":\"hideonmd\",\"value\":\"0\"},{\"name\":\"hideonlg\",\"value\":\"0\"},{\"name\":\"hideonxl\",\"value\":\"0\"}]}],\"size\":12,\"type\":\"column\"}],\"type\":\"row\"}],\"params\":[{\"name\":\"title\",\"value\":\"Section 1\"},{\"name\":\"customclass\",\"value\":\"py-5\"},{\"name\":\"customid\",\"value\":\"\"},{\"name\":\"layout_type\",\"value\":\"container-fluid\"},{\"name\":\"custom_container_class\",\"value\":\"\"},{\"name\":\"animation\",\"value\":\"\"},{\"name\":\"animation_delay\",\"value\":\"\"},{\"name\":\"background_setting\",\"value\":\"0\"},{\"name\":\"background_color\",\"value\":\"\"},{\"name\":\"img_background_color\",\"value\":\"\"},{\"name\":\"background_image\",\"value\":\"\"},{\"name\":\"background_repeat\",\"value\":\"\"},{\"name\":\"background_size\",\"value\":\"\"},{\"name\":\"background_attchment\",\"value\":\"\"},{\"name\":\"background_position\",\"value\":\"\"},{\"name\":\"background_video\",\"value\":\"\"},{\"name\":\"background_gradient\",\"value\":\"{\\\"type\\\":\\\"linear\\\",\\\"start\\\":\\\"rgba(0, 0, 0, 0)\\\",\\\"stop\\\":\\\"rgba(0, 0, 0, 0)\\\"}\"},{\"name\":\"background_gradient[gradient_type]\",\"value\":\"linear\"},{\"name\":\"background_gradient[start_color]\",\"value\":\"rgba(0, 0, 0, 0)\"},{\"name\":\"background_gradient[stop_color]\",\"value\":\"rgba(0, 0, 0, 0)\"},{\"name\":\"custom_colors\",\"value\":\"0\"},{\"name\":\"text_color\",\"value\":\"\"},{\"name\":\"link_color\",\"value\":\"\"},{\"name\":\"link_hover_color\",\"value\":\"\"},{\"name\":\"hideonxs\",\"value\":\"0\"},{\"name\":\"hideonsm\",\"value\":\"0\"},{\"name\":\"hideonmd\",\"value\":\"0\"},{\"name\":\"hideonlg\",\"value\":\"0\"},{\"name\":\"hideonxl\",\"value\":\"0\"}]},{\"id\":\"1531133639014\",\"type\":\"section\",\"rows\":[{\"id\":\"1531133639015\",\"cols\":[{\"id\":\"1531133639015\",\"elements\":[{\"id\":\"1531133924942\",\"type\":\"module_position\",\"params\":[{\"name\":\"position\",\"value\":\"position-2\"},{\"name\":\"title\",\"value\":\"Position 2\"},{\"name\":\"customclass\",\"value\":\"\"},{\"name\":\"customid\",\"value\":\"\"},{\"name\":\"animation\",\"value\":\"\"},{\"name\":\"animation_delay\",\"value\":\"\"},{\"name\":\"background_setting\",\"value\":\"0\"},{\"name\":\"background_color\",\"value\":\"\"},{\"name\":\"img_background_color\",\"value\":\"\"},{\"name\":\"background_image\",\"value\":\"\"},{\"name\":\"background_repeat\",\"value\":\"\"},{\"name\":\"background_size\",\"value\":\"\"},{\"name\":\"background_attchment\",\"value\":\"\"},{\"name\":\"background_position\",\"value\":\"\"},{\"name\":\"background_video\",\"value\":\"\"},{\"name\":\"background_gradient\",\"value\":\"{\\\"type\\\":\\\"linear\\\",\\\"start\\\":\\\"rgba(0, 0, 0, 0)\\\",\\\"stop\\\":\\\"rgba(0, 0, 0, 0)\\\"}\"},{\"name\":\"background_gradient[gradient_type]\",\"value\":\"linear\"},{\"name\":\"background_gradient[start_color]\",\"value\":\"rgba(0, 0, 0, 0)\"},{\"name\":\"background_gradient[stop_color]\",\"value\":\"rgba(0, 0, 0, 0)\"},{\"name\":\"hideonxs\",\"value\":\"0\"},{\"name\":\"hideonsm\",\"value\":\"0\"},{\"name\":\"hideonmd\",\"value\":\"0\"},{\"name\":\"hideonlg\",\"value\":\"0\"},{\"name\":\"hideonxl\",\"value\":\"0\"}]}],\"size\":12,\"type\":\"column\"}],\"type\":\"row\"}],\"params\":[{\"name\":\"title\",\"value\":\"Section 2\"},{\"name\":\"customclass\",\"value\":\"bg-primary text-white pt-5 pt-lg-6 pb-10\"},{\"name\":\"customid\",\"value\":\"\"},{\"name\":\"layout_type\",\"value\":\"\"},{\"name\":\"custom_container_class\",\"value\":\"\"},{\"name\":\"animation\",\"value\":\"\"},{\"name\":\"animation_delay\",\"value\":\"\"},{\"name\":\"background_setting\",\"value\":\"0\"},{\"name\":\"background_color\",\"value\":\"\"},{\"name\":\"img_background_color\",\"value\":\"\"},{\"name\":\"background_image\",\"value\":\"\"},{\"name\":\"background_repeat\",\"value\":\"\"},{\"name\":\"background_size\",\"value\":\"\"},{\"name\":\"background_attchment\",\"value\":\"\"},{\"name\":\"background_position\",\"value\":\"\"},{\"name\":\"background_video\",\"value\":\"\"},{\"name\":\"background_gradient\",\"value\":\"{\\\"type\\\":\\\"linear\\\",\\\"start\\\":\\\"rgba(0, 0, 0, 0)\\\",\\\"stop\\\":\\\"rgba(0, 0, 0, 0)\\\"}\"},{\"name\":\"background_gradient[gradient_type]\",\"value\":\"linear\"},{\"name\":\"background_gradient[start_color]\",\"value\":\"rgba(0, 0, 0, 0)\"},{\"name\":\"background_gradient[stop_color]\",\"value\":\"rgba(0, 0, 0, 0)\"},{\"name\":\"custom_colors\",\"value\":\"0\"},{\"name\":\"text_color\",\"value\":\"\"},{\"name\":\"link_color\",\"value\":\"\"},{\"name\":\"link_hover_color\",\"value\":\"\"},{\"name\":\"hideonxs\",\"value\":\"0\"},{\"name\":\"hideonsm\",\"value\":\"0\"},{\"name\":\"hideonmd\",\"value\":\"0\"},{\"name\":\"hideonlg\",\"value\":\"0\"},{\"name\":\"hideonxl\",\"value\":\"0\"}]},{\"id\":\"1530273801171\",\"type\":\"section\",\"rows\":[{\"id\":\"1530273801171\",\"cols\":[{\"id\":\"1530273801171\",\"elements\":[{\"id\":\"1530273804259\",\"type\":\"module_position\",\"params\":[{\"name\":\"position\",\"value\":\"position-3\"},{\"name\":\"title\",\"value\":\"Position 3\"},{\"name\":\"customclass\",\"value\":\"col-12 col-lg-10 footer-form rounded shadow-lg bg-white p-4 p-md-5  mx-auto\"},{\"name\":\"customid\",\"value\":\"\"},{\"name\":\"animation\",\"value\":\"\"},{\"name\":\"animation_delay\",\"value\":\"\"},{\"name\":\"background_setting\",\"value\":\"0\"},{\"name\":\"background_color\",\"value\":\"\"},{\"name\":\"img_background_color\",\"value\":\"\"},{\"name\":\"background_image\",\"value\":\"\"},{\"name\":\"background_repeat\",\"value\":\"\"},{\"name\":\"background_size\",\"value\":\"\"},{\"name\":\"background_attchment\",\"value\":\"\"},{\"name\":\"background_position\",\"value\":\"\"},{\"name\":\"background_video\",\"value\":\"\"},{\"name\":\"background_gradient\",\"value\":\"{\\\"type\\\":\\\"linear\\\",\\\"start\\\":\\\"rgba(0, 0, 0, 0)\\\",\\\"stop\\\":\\\"rgba(0, 0, 0, 0)\\\"}\"},{\"name\":\"background_gradient[gradient_type]\",\"value\":\"linear\"},{\"name\":\"background_gradient[start_color]\",\"value\":\"rgba(0, 0, 0, 0)\"},{\"name\":\"background_gradient[stop_color]\",\"value\":\"rgba(0, 0, 0, 0)\"},{\"name\":\"hideonxs\",\"value\":\"0\"},{\"name\":\"hideonsm\",\"value\":\"0\"},{\"name\":\"hideonmd\",\"value\":\"0\"},{\"name\":\"hideonlg\",\"value\":\"0\"},{\"name\":\"hideonxl\",\"value\":\"0\"}]}],\"size\":12,\"type\":\"column\"}],\"type\":\"row\"}],\"params\":[{\"name\":\"title\",\"value\":\"Section 3\"},{\"name\":\"customclass\",\"value\":\"footer-form-wrapper pb-5 pb-lg-7\"},{\"name\":\"customid\",\"value\":\"\"},{\"name\":\"layout_type\",\"value\":\"\"},{\"name\":\"custom_container_class\",\"value\":\"\"},{\"name\":\"animation\",\"value\":\"\"},{\"name\":\"animation_delay\",\"value\":\"\"},{\"name\":\"background_setting\",\"value\":\"0\"},{\"name\":\"background_color\",\"value\":\"\"},{\"name\":\"img_background_color\",\"value\":\"\"},{\"name\":\"background_image\",\"value\":\"\"},{\"name\":\"background_repeat\",\"value\":\"\"},{\"name\":\"background_size\",\"value\":\"\"},{\"name\":\"background_attchment\",\"value\":\"\"},{\"name\":\"background_position\",\"value\":\"\"},{\"name\":\"background_video\",\"value\":\"\"},{\"name\":\"background_gradient\",\"value\":\"{\\\"type\\\":\\\"linear\\\",\\\"start\\\":\\\"rgba(0, 0, 0, 0)\\\",\\\"stop\\\":\\\"rgba(0, 0, 0, 0)\\\"}\"},{\"name\":\"background_gradient[gradient_type]\",\"value\":\"linear\"},{\"name\":\"background_gradient[start_color]\",\"value\":\"rgba(0, 0, 0, 0)\"},{\"name\":\"background_gradient[stop_color]\",\"value\":\"rgba(0, 0, 0, 0)\"},{\"name\":\"custom_colors\",\"value\":\"0\"},{\"name\":\"text_color\",\"value\":\"\"},{\"name\":\"link_color\",\"value\":\"\"},{\"name\":\"link_hover_color\",\"value\":\"\"},{\"name\":\"hideonxs\",\"value\":\"0\"},{\"name\":\"hideonsm\",\"value\":\"0\"},{\"name\":\"hideonmd\",\"value\":\"0\"},{\"name\":\"hideonlg\",\"value\":\"0\"},{\"name\":\"hideonxl\",\"value\":\"0\"}]},{\"id\":\"1528971627712\",\"type\":\"section\",\"rows\":[{\"id\":\"1528971627712\",\"cols\":[{\"id\":\"1528971627712\",\"elements\":[{\"id\":\"1528971723326\",\"type\":\"module_position\",\"params\":[{\"name\":\"position\",\"value\":\"bottom-1\"},{\"name\":\"title\",\"value\":\"Bottom 1\"},{\"name\":\"customclass\",\"value\":\"mb-5 mb-lg-0\"},{\"name\":\"customid\",\"value\":\"\"},{\"name\":\"animation\",\"value\":\"\"},{\"name\":\"background\",\"value\":\"0\"},{\"name\":\"background_color\",\"value\":\"\"},{\"name\":\"background_image\",\"value\":\"\"},{\"name\":\"background_repeat\",\"value\":\"\"},{\"name\":\"background_size\",\"value\":\"\"},{\"name\":\"background_attchment\",\"value\":\"\"},{\"name\":\"background_position\",\"value\":\"\"},{\"name\":\"background_video\",\"value\":\"\"},{\"name\":\"hideonxs\",\"value\":\"0\"},{\"name\":\"hideonsm\",\"value\":\"0\"},{\"name\":\"hideonmd\",\"value\":\"0\"},{\"name\":\"hideonlg\",\"value\":\"0\"},{\"name\":\"hideonxl\",\"value\":\"0\"}]}],\"size\":4,\"type\":\"column\",\"params\":[{\"name\":\"title\",\"value\":\"\"},{\"name\":\"customclass\",\"value\":\"\"},{\"name\":\"customid\",\"value\":\"\"},{\"name\":\"animation\",\"value\":\"\"},{\"name\":\"animation_delay\",\"value\":\"\"},{\"name\":\"background_setting\",\"value\":\"0\"},{\"name\":\"background_color\",\"value\":\"\"},{\"name\":\"img_background_color\",\"value\":\"\"},{\"name\":\"background_image\",\"value\":\"\"},{\"name\":\"background_repeat\",\"value\":\"\"},{\"name\":\"background_size\",\"value\":\"\"},{\"name\":\"background_attchment\",\"value\":\"\"},{\"name\":\"background_position\",\"value\":\"\"},{\"name\":\"background_video\",\"value\":\"\"},{\"name\":\"background_gradient\",\"value\":\"{\\\"type\\\":\\\"linear\\\",\\\"start\\\":\\\"rgba(0, 0, 0, 0)\\\",\\\"stop\\\":\\\"rgba(0, 0, 0, 0)\\\"}\"},{\"name\":\"background_gradient[gradient_type]\",\"value\":\"linear\"},{\"name\":\"background_gradient[start_color]\",\"value\":\"rgba(0, 0, 0, 0)\"},{\"name\":\"background_gradient[stop_color]\",\"value\":\"rgba(0, 0, 0, 0)\"},{\"name\":\"custom_colors\",\"value\":\"0\"},{\"name\":\"text_color\",\"value\":\"\"},{\"name\":\"link_color\",\"value\":\"\"},{\"name\":\"link_hover_color\",\"value\":\"\"},{\"name\":\"responsive\",\"value\":\"[{\\\"name\\\":\\\"size_xs\\\",\\\"value\\\":\\\"inherit\\\"},{\\\"name\\\":\\\"hide_xs\\\",\\\"value\\\":1},{\\\"name\\\":\\\"size_sm\\\",\\\"value\\\":\\\"inherit\\\"},{\\\"name\\\":\\\"hide_sm\\\",\\\"value\\\":1},{\\\"name\\\":\\\"size_md\\\",\\\"value\\\":\\\"6\\\"},{\\\"name\\\":\\\"hide_md\\\",\\\"value\\\":1},{\\\"name\\\":\\\"size_lg\\\",\\\"value\\\":\\\"inherit\\\"},{\\\"name\\\":\\\"hide_lg\\\",\\\"value\\\":1},{\\\"name\\\":\\\"size_xl\\\",\\\"value\\\":\\\"inherit\\\"},{\\\"name\\\":\\\"hide_xl\\\",\\\"value\\\":1}]\"}]},{\"id\":\"1530274979129\",\"elements\":[{\"id\":\"1530275066978\",\"type\":\"module_position\",\"params\":[{\"name\":\"position\",\"value\":\"bottom-2\"},{\"name\":\"title\",\"value\":\"Bottom 2\"},{\"name\":\"customclass\",\"value\":\"footer-nav-link mb-5 mb-lg-0\"},{\"name\":\"customid\",\"value\":\"\"},{\"name\":\"animation\",\"value\":\"\"},{\"name\":\"background\",\"value\":\"0\"},{\"name\":\"background_color\",\"value\":\"\"},{\"name\":\"background_image\",\"value\":\"\"},{\"name\":\"background_repeat\",\"value\":\"\"},{\"name\":\"background_size\",\"value\":\"\"},{\"name\":\"background_attchment\",\"value\":\"\"},{\"name\":\"background_position\",\"value\":\"\"},{\"name\":\"background_video\",\"value\":\"\"},{\"name\":\"hideonxs\",\"value\":\"0\"},{\"name\":\"hideonsm\",\"value\":\"0\"},{\"name\":\"hideonmd\",\"value\":\"0\"},{\"name\":\"hideonlg\",\"value\":\"0\"},{\"name\":\"hideonxl\",\"value\":\"0\"}]}],\"size\":4,\"type\":\"column\",\"params\":[{\"name\":\"title\",\"value\":\"\"},{\"name\":\"customclass\",\"value\":\"\"},{\"name\":\"customid\",\"value\":\"\"},{\"name\":\"animation\",\"value\":\"\"},{\"name\":\"animation_delay\",\"value\":\"\"},{\"name\":\"background_setting\",\"value\":\"0\"},{\"name\":\"background_color\",\"value\":\"\"},{\"name\":\"img_background_color\",\"value\":\"\"},{\"name\":\"background_image\",\"value\":\"\"},{\"name\":\"background_repeat\",\"value\":\"\"},{\"name\":\"background_size\",\"value\":\"\"},{\"name\":\"background_attchment\",\"value\":\"\"},{\"name\":\"background_position\",\"value\":\"\"},{\"name\":\"background_video\",\"value\":\"\"},{\"name\":\"background_gradient\",\"value\":\"{\\\"type\\\":\\\"linear\\\",\\\"start\\\":\\\"rgba(0, 0, 0, 0)\\\",\\\"stop\\\":\\\"rgba(0, 0, 0, 0)\\\"}\"},{\"name\":\"background_gradient[gradient_type]\",\"value\":\"linear\"},{\"name\":\"background_gradient[start_color]\",\"value\":\"rgba(0, 0, 0, 0)\"},{\"name\":\"background_gradient[stop_color]\",\"value\":\"rgba(0, 0, 0, 0)\"},{\"name\":\"custom_colors\",\"value\":\"0\"},{\"name\":\"text_color\",\"value\":\"\"},{\"name\":\"link_color\",\"value\":\"\"},{\"name\":\"link_hover_color\",\"value\":\"\"},{\"name\":\"responsive\",\"value\":\"[{\\\"name\\\":\\\"size_xs\\\",\\\"value\\\":\\\"inherit\\\"},{\\\"name\\\":\\\"hide_xs\\\",\\\"value\\\":1},{\\\"name\\\":\\\"size_sm\\\",\\\"value\\\":\\\"inherit\\\"},{\\\"name\\\":\\\"hide_sm\\\",\\\"value\\\":1},{\\\"name\\\":\\\"size_md\\\",\\\"value\\\":\\\"6\\\"},{\\\"name\\\":\\\"hide_md\\\",\\\"value\\\":1},{\\\"name\\\":\\\"size_lg\\\",\\\"value\\\":\\\"inherit\\\"},{\\\"name\\\":\\\"hide_lg\\\",\\\"value\\\":1},{\\\"name\\\":\\\"size_xl\\\",\\\"value\\\":\\\"inherit\\\"},{\\\"name\\\":\\\"hide_xl\\\",\\\"value\\\":1}]\"}]},{\"id\":\"1530274979129\",\"elements\":[{\"id\":\"1530275088363\",\"type\":\"module_position\",\"params\":[{\"name\":\"position\",\"value\":\"bottom-3\"},{\"name\":\"title\",\"value\":\"Bottom 3\"},{\"name\":\"customclass\",\"value\":\"\"},{\"name\":\"customid\",\"value\":\"\"},{\"name\":\"animation\",\"value\":\"\"},{\"name\":\"background\",\"value\":\"0\"},{\"name\":\"background_color\",\"value\":\"\"},{\"name\":\"background_image\",\"value\":\"\"},{\"name\":\"background_repeat\",\"value\":\"\"},{\"name\":\"background_size\",\"value\":\"\"},{\"name\":\"background_attchment\",\"value\":\"\"},{\"name\":\"background_position\",\"value\":\"\"},{\"name\":\"background_video\",\"value\":\"\"},{\"name\":\"hideonxs\",\"value\":\"0\"},{\"name\":\"hideonsm\",\"value\":\"0\"},{\"name\":\"hideonmd\",\"value\":\"0\"},{\"name\":\"hideonlg\",\"value\":\"0\"},{\"name\":\"hideonxl\",\"value\":\"0\"}]}],\"size\":4,\"type\":\"column\",\"params\":[{\"name\":\"title\",\"value\":\"\"},{\"name\":\"customclass\",\"value\":\"\"},{\"name\":\"customid\",\"value\":\"\"},{\"name\":\"animation\",\"value\":\"\"},{\"name\":\"animation_delay\",\"value\":\"\"},{\"name\":\"background_setting\",\"value\":\"0\"},{\"name\":\"background_color\",\"value\":\"\"},{\"name\":\"img_background_color\",\"value\":\"\"},{\"name\":\"background_image\",\"value\":\"\"},{\"name\":\"background_repeat\",\"value\":\"\"},{\"name\":\"background_size\",\"value\":\"\"},{\"name\":\"background_attchment\",\"value\":\"\"},{\"name\":\"background_position\",\"value\":\"\"},{\"name\":\"background_video\",\"value\":\"\"},{\"name\":\"background_gradient\",\"value\":\"{\\\"type\\\":\\\"linear\\\",\\\"start\\\":\\\"rgba(0, 0, 0, 0)\\\",\\\"stop\\\":\\\"rgba(0, 0, 0, 0)\\\"}\"},{\"name\":\"background_gradient[gradient_type]\",\"value\":\"linear\"},{\"name\":\"background_gradient[start_color]\",\"value\":\"rgba(0, 0, 0, 0)\"},{\"name\":\"background_gradient[stop_color]\",\"value\":\"rgba(0, 0, 0, 0)\"},{\"name\":\"custom_colors\",\"value\":\"0\"},{\"name\":\"text_color\",\"value\":\"\"},{\"name\":\"link_color\",\"value\":\"\"},{\"name\":\"link_hover_color\",\"value\":\"\"},{\"name\":\"responsive\",\"value\":\"[{\\\"name\\\":\\\"size_xs\\\",\\\"value\\\":\\\"inherit\\\"},{\\\"name\\\":\\\"hide_xs\\\",\\\"value\\\":1},{\\\"name\\\":\\\"size_sm\\\",\\\"value\\\":\\\"inherit\\\"},{\\\"name\\\":\\\"hide_sm\\\",\\\"value\\\":1},{\\\"name\\\":\\\"size_md\\\",\\\"value\\\":\\\"6\\\"},{\\\"name\\\":\\\"hide_md\\\",\\\"value\\\":1},{\\\"name\\\":\\\"size_lg\\\",\\\"value\\\":\\\"inherit\\\"},{\\\"name\\\":\\\"hide_lg\\\",\\\"value\\\":1},{\\\"name\\\":\\\"size_xl\\\",\\\"value\\\":\\\"inherit\\\"},{\\\"name\\\":\\\"hide_xl\\\",\\\"value\\\":1}]\"}]}],\"type\":\"row\"}],\"params\":[{\"name\":\"title\",\"value\":\"Bottom Section\"},{\"name\":\"customclass\",\"value\":\"footer text-white py-5\"},{\"name\":\"customid\",\"value\":\"\"},{\"name\":\"layout_type\",\"value\":\"\"},{\"name\":\"custom_container_class\",\"value\":\"\"},{\"name\":\"animation\",\"value\":\"\"},{\"name\":\"animation_delay\",\"value\":\"\"},{\"name\":\"background_setting\",\"value\":\"color\"},{\"name\":\"background_color\",\"value\":\"rgb(31, 31, 37)\"},{\"name\":\"background_image\",\"value\":\"\"},{\"name\":\"background_repeat\",\"value\":\"\"},{\"name\":\"background_size\",\"value\":\"\"},{\"name\":\"background_attchment\",\"value\":\"\"},{\"name\":\"background_position\",\"value\":\"\"},{\"name\":\"background_video\",\"value\":\"\"},{\"name\":\"background_gradient\",\"value\":\"{\\\"type\\\":\\\"linear\\\",\\\"start\\\":\\\"rgba(0, 0, 0, 0)\\\",\\\"stop\\\":\\\"rgba(0, 0, 0, 0)\\\"}\"},{\"name\":\"background_gradient[gradient_type]\",\"value\":\"linear\"},{\"name\":\"background_gradient[start_color]\",\"value\":\"rgba(0, 0, 0, 0)\"},{\"name\":\"background_gradient[stop_color]\",\"value\":\"rgba(0, 0, 0, 0)\"},{\"name\":\"custom_colors\",\"value\":\"0\"},{\"name\":\"text_color\",\"value\":\"\"},{\"name\":\"link_color\",\"value\":\"\"},{\"name\":\"link_hover_color\",\"value\":\"\"},{\"name\":\"hideonxs\",\"value\":\"0\"},{\"name\":\"hideonsm\",\"value\":\"0\"},{\"name\":\"hideonmd\",\"value\":\"0\"},{\"name\":\"hideonlg\",\"value\":\"0\"},{\"name\":\"hideonxl\",\"value\":\"0\"}]},{\"id\":\"1530275476313\",\"type\":\"section\",\"rows\":[{\"id\":\"1530275476313\",\"cols\":[{\"id\":\"1530275476313\",\"elements\":[{\"id\":\"1530275495176\",\"type\":\"module_position\",\"params\":[{\"name\":\"position\",\"value\":\"astroid-footer\"},{\"name\":\"title\",\"value\":\"Astroid Footer\"},{\"name\":\"customclass\",\"value\":\"\"},{\"name\":\"customid\",\"value\":\"\"},{\"name\":\"background\",\"value\":\"0\"},{\"name\":\"background_color\",\"value\":\"\"},{\"name\":\"background_image\",\"value\":\"\"},{\"name\":\"background_repeat\",\"value\":\"\"},{\"name\":\"background_size\",\"value\":\"\"},{\"name\":\"background_attchment\",\"value\":\"\"},{\"name\":\"background_position\",\"value\":\"\"},{\"name\":\"background_video\",\"value\":\"\"},{\"name\":\"hideonxs\",\"value\":\"0\"},{\"name\":\"hideonsm\",\"value\":\"0\"},{\"name\":\"hideonmd\",\"value\":\"0\"},{\"name\":\"hideonlg\",\"value\":\"0\"},{\"name\":\"hideonxl\",\"value\":\"0\"},{\"name\":\"animation\",\"value\":\"\"}]}],\"size\":9,\"type\":\"column\"},{\"id\":\"1530275484057\",\"elements\":[{\"id\":\"1530275532100\",\"type\":\"module_position\",\"params\":[{\"name\":\"position\",\"value\":\"astroid-top-social\"},{\"name\":\"title\",\"value\":\"Social Share\"},{\"name\":\"customclass\",\"value\":\"py-3\"},{\"name\":\"customid\",\"value\":\"\"},{\"name\":\"animation\",\"value\":\"\"},{\"name\":\"background\",\"value\":\"0\"},{\"name\":\"background_color\",\"value\":\"\"},{\"name\":\"background_image\",\"value\":\"\"},{\"name\":\"background_repeat\",\"value\":\"\"},{\"name\":\"background_size\",\"value\":\"\"},{\"name\":\"background_attchment\",\"value\":\"\"},{\"name\":\"background_position\",\"value\":\"\"},{\"name\":\"background_video\",\"value\":\"\"},{\"name\":\"hideonxs\",\"value\":\"0\"},{\"name\":\"hideonsm\",\"value\":\"0\"},{\"name\":\"hideonmd\",\"value\":\"0\"},{\"name\":\"hideonlg\",\"value\":\"0\"},{\"name\":\"hideonxl\",\"value\":\"0\"}]}],\"size\":3,\"type\":\"column\"}],\"type\":\"row\"}],\"params\":[{\"name\":\"title\",\"value\":\"Footer Section\"},{\"name\":\"customclass\",\"value\":\"footer-copyright text-white\"},{\"name\":\"customid\",\"value\":\"\"},{\"name\":\"layout_type\",\"value\":\"\"},{\"name\":\"custom_container_class\",\"value\":\"\"},{\"name\":\"animation\",\"value\":\"\"},{\"name\":\"animation_delay\",\"value\":\"\"},{\"name\":\"background_setting\",\"value\":\"color\"},{\"name\":\"background_color\",\"value\":\"rgb(25, 25, 31)\"},{\"name\":\"background_image\",\"value\":\"\"},{\"name\":\"background_repeat\",\"value\":\"\"},{\"name\":\"background_size\",\"value\":\"\"},{\"name\":\"background_attchment\",\"value\":\"\"},{\"name\":\"background_position\",\"value\":\"\"},{\"name\":\"background_video\",\"value\":\"\"},{\"name\":\"background_gradient\",\"value\":\"{\\\"type\\\":\\\"linear\\\",\\\"start\\\":\\\"rgba(0, 0, 0, 0)\\\",\\\"stop\\\":\\\"rgba(0, 0, 0, 0)\\\"}\"},{\"name\":\"background_gradient[gradient_type]\",\"value\":\"linear\"},{\"name\":\"background_gradient[start_color]\",\"value\":\"rgba(0, 0, 0, 0)\"},{\"name\":\"background_gradient[stop_color]\",\"value\":\"rgba(0, 0, 0, 0)\"},{\"name\":\"custom_colors\",\"value\":\"0\"},{\"name\":\"text_color\",\"value\":\"\"},{\"name\":\"link_color\",\"value\":\"\"},{\"name\":\"link_hover_color\",\"value\":\"\"},{\"name\":\"hideonxs\",\"value\":\"0\"},{\"name\":\"hideonsm\",\"value\":\"0\"},{\"name\":\"hideonmd\",\"value\":\"0\"},{\"name\":\"hideonlg\",\"value\":\"0\"},{\"name\":\"hideonxl\",\"value\":\"0\"}]}]}",
   "astroidcontentlayouts": "header:astroid-header:after,social:astroid-top-social:after,footer:astroid-footer:after,contactinfo:astroid-top-contact:after",
   "body_typography": "custom",
   "body_typography_options": {
      "font_face": "Muli:200,200i,300,300i,400,400i,600,600i,700,700i,800,800i,900,900i",
      "alt_font_face": "Arial, Helvetica, sans-serif",
      "font_weight": "400",
      "font_size_unit": "em",
      "font_size": "1",
      "letter_spacing_unit": "em",
      "letter_spacing": "0",
      "line_height_unit": "em",
      "line_height": "1.5",
      "text_transform": "none"
   },
   "menus_typography": "custom",
   "menu_typography_options": {
      "font_face": "Muli:200,200i,300,300i,400,400i,600,600i,700,700i,800,800i,900,900i",
      "alt_font_face": "Arial, Helvetica, sans-serif",
      "font_weight": "400",
      "font_size_unit": "em",
      "font_size": "1",
      "letter_spacing_unit": "em",
      "letter_spacing": "0",
      "line_height_unit": "em",
      "line_height": "1",
      "text_transform": "none"
   },
   "submenus_typography": "custom",
   "submenu_typography_options": {
      "font_face": "Muli:200,200i,300,300i,400,400i,600,600i,700,700i,800,800i,900,900i",
      "alt_font_face": "Arial, Helvetica, sans-serif",
      "font_weight": "400",
      "font_size_unit": "em",
      "font_size": "1",
      "letter_spacing_unit": "em",
      "letter_spacing": "0",
      "line_height_unit": "em",
      "line_height": "2",
      "text_transform": "none"
   },
   "h1_typography": "custom",
   "h1_typography_options": {
      "font_face": "Rubik:300,300i,400,400i,500,500i,700,700i,900,900i",
      "alt_font_face": "Arial, Helvetica, sans-serif",
      "font_weight": "500",
      "font_size_unit": "em",
      "font_size": "2.7",
      "letter_spacing_unit": "em",
      "letter_spacing": "0",
      "line_height_unit": "em",
      "line_height": "1.2",
      "font_color": "rgb(4, 12, 44)",
      "text_transform": "none"
   },
   "h2_typography": "custom",
   "h2_typography_options": {
      "font_face": "Rubik:300,300i,400,400i,500,500i,700,700i,900,900i",
      "alt_font_face": "Arial, Helvetica, sans-serif",
      "font_weight": "500",
      "font_size_unit": "em",
      "font_size": "2.2",
      "letter_spacing_unit": "em",
      "letter_spacing": "0",
      "line_height_unit": "em",
      "line_height": "1.2",
      "font_color": "rgb(4, 12, 44)",
      "text_transform": "none"
   },
   "h3_typography": "custom",
   "h3_typography_options": {
      "font_face": "Rubik:300,300i,400,400i,500,500i,700,700i,900,900i",
      "alt_font_face": "Arial, Helvetica, sans-serif",
      "font_weight": "500",
      "font_size_unit": "em",
      "font_size": "1.8",
      "letter_spacing_unit": "em",
      "letter_spacing": "0",
      "line_height_unit": "em",
      "line_height": "1.3",
      "font_color": "rgb(4, 12, 44)",
      "text_transform": "none"
   },
   "h4_typography": "custom",
   "h4_typography_options": {
      "font_face": "Rubik:300,300i,400,400i,500,500i,700,700i,900,900i",
      "alt_font_face": "Arial, Helvetica, sans-serif",
      "font_weight": "500",
      "font_size_unit": "em",
      "font_size": "1.5",
      "letter_spacing_unit": "em",
      "letter_spacing": "0",
      "line_height_unit": "em",
      "line_height": "1.3",
      "font_color": "rgb(4, 12, 44)",
      "text_transform": "none"
   },
   "h5_typography": "custom",
   "h5_typography_options": {
      "font_face": "Rubik:300,300i,400,400i,500,500i,700,700i,900,900i",
      "alt_font_face": "Arial, Helvetica, sans-serif",
      "font_weight": "500",
      "font_size_unit": "em",
      "font_size": "1.4",
      "letter_spacing_unit": "em",
      "letter_spacing": "0",
      "line_height_unit": "em",
      "line_height": "1.3",
      "font_color": "rgb(4, 12, 44)",
      "text_transform": "none"
   },
   "h6_typography": "custom",
   "h6_typography_options": {
      "font_face": "Rubik:300,300i,400,400i,500,500i,700,700i,900,900i",
      "alt_font_face": "Arial, Helvetica, sans-serif",
      "font_weight": "500",
      "font_size_unit": "em",
      "font_size": "1.1",
      "letter_spacing_unit": "em",
      "letter_spacing": "0",
      "line_height_unit": "em",
      "line_height": "1.3",
      "font_color": "rgb(4, 12, 44)",
      "text_transform": "none"
   },
   "article_posttype": "0",
   "astroid_readtime": "0",
   "astroid_badge": "0",
   "article_authorinfo": "0",
   "article_rating": "0",
   "article_relatedposts": "0",
   "article_relatedposts_count": "4",
   "article_socialshare_type": "none",
   "article_socialshare_addthis": "",
   "article_socialshare_sharethis": "",
   "article_opengraph": "0",
   "article_opengraph_facebook": "",
   "article_opengraph_twitter": "",
   "article_comments": "none",
   "article_comments_fb_id": "",
   "article_comments_fb_width": "200",
   "article_comments_disqus_id": "",
   "article_comments_hyper_id": "",
   "article_comments_intense_id": "",
   "social_profiles_position": "astroid-top-social",
   "social_profiles_load_position": "after",
   "social_profiles_style": "1",
   "social_profiles": "[{\"title\":\"Facebook\",\"link\":\"#\",\"icons\":[\"fab fa-facebook-f\",\"fab fa-facebook\"],\"color\":\"#39539E\",\"enabled\":false,\"icon\":\"fab fa-facebook-f\",\"id\":\"facebook\"},{\"title\":\"Twitter\",\"link\":\"#\",\"icons\":[\"fab fa-twitter\",\"fab fa-twitter-square\"],\"color\":\"#3DA9F6\",\"enabled\":false,\"icon\":\"fab fa-twitter\",\"id\":\"twitter\"},{\"title\":\"LinkedIn\",\"link\":\"#\",\"icons\":[\"fab fa-linkedin-in\",\"fab fa-linkedin\"],\"color\":\"#006FB8\",\"enabled\":false,\"icon\":\"fab fa-linkedin-in\",\"id\":\"linkedin\"},{\"title\":\"Youtube\",\"link\":\"#\",\"icons\":[\"fab fa-youtube\",\"fab fa-youtube-square\"],\"color\":\"#DE0000\",\"enabled\":false,\"icon\":\"fab fa-youtube\",\"id\":\"youtube\"},{\"title\":\"Instagram\",\"link\":\"#\",\"icons\":[\"fab fa-instagram\"],\"color\":\"#467FAA\",\"enabled\":false,\"icon\":\"fab fa-instagram\",\"id\":\"instagram\"}]",
   "trackingcode": "",
   "beforehead": "",
   "beforebody": "",
   "customcss": "",
   "customcssfiles": "",
   "customjs": "",
   "customjsfiles": "",
   "footer": "1",
   "footer_copyright": "Copyright © {year} {sitename}.",
   "footer_module_position": "astroid-footer",
   "footer_load_position": "after",
   "contact_details": "1",
   "contact_module_position": "astroid-top-contact",
   "contact_feature_load_position": "after",
   "contact_address": "0",
   "contact_phone_number": "(899) 985-8748",
   "contact_mobile_number": "",
   "contact_email_address": "mail@example.com",
   "contact_open_hours": "",
   "contact_display": "icons",
   "icon_color": "",
   "developemnt_mode": "0",
   "coming_soon_logo": "logo.png",
   "coming_soon_content": "<div class=\"row justify-content-center text-center\">                    \r\n<div class=\"col-12 col-md-8 coming-soon-content \">\r\n<h1 class=\"coming-soon-title display-4 font-weight-bold\">We are Coming Soon</h1>\r\n<h6>Perfect and awesome template to present your future product or service. Hooking audience attention is all in the opener</h6>\r\n</div>\r\n</div>",
   "coming_soon_countdown_date": "January 20th 2018, 11:06 am",
   "coming_soon_social": "1",
   "background_setting": "0",
   "background_color": "",
   "img_background_color": "",
   "background_image": "",
   "background_repeat": "",
   "background_size": "",
   "background_attchment": "",
   "background_position": "",
   "background_video": "",
   "error_404_content": "<div class=\"row\">\r\n<div class=\"col-12 text-center\">\r\n    <h1 class=\"error-page-code\">{errorcode}</h1>\r\n    <h2 class=\"error-page-message\">{errormessage}</h2>\r\n</div>\r\n</div>",
   "error_call_to_action": "Go Home",
   "background_setting_404": "0",
   "background_color_404": "",
   "img_background_color_404": "",
   "background_image_404": "",
   "background_repeat_404": "",
   "background_size_404": "",
   "background_attchment_404": "",
   "background_position_404": "",
   "background_video_404": "",
   "favicon": "TEMPLATE_NAME/favicon.png",
   "theme_blue": "rgb(28, 96, 255)",
   "theme_indigo": "rgb(112, 121, 159)",
   "theme_purple": "rgb(199, 206, 255)",
   "theme_pink": "rgb(255, 51, 102)",
   "theme_red": "rgb(220, 53, 69)",
   "theme_orange": "rgb(253, 126, 20)",
   "theme_yellow": "rgb(255, 193, 7)",
   "theme_green": "rgb(40, 167, 69)",
   "theme_teal": "rgb(32, 201, 151)",
   "theme_cyan": "rgb(23, 162, 184)",
   "theme_white": "rgb(255, 255, 255)",
   "theme_gray100": "rgb(248, 249, 250)",
   "theme_gray600": "rgb(112, 121, 159)",
   "theme_gray800": "rgb(44, 46, 54)",
   "theme_primary": "blue",
   "theme_secondary": "gray600",
   "theme_success": "green",
   "theme_info": "cyan",
   "theme_warning": "yellow",
   "theme_danger": "red",
   "theme_light": "gray100",
   "theme_dark": "gray800",
   "sass_overrides": "[]"
}