<?xml version="1.0" encoding="UTF-8"?>
<form>
   <fields name="params">
      <fieldset icon="fa fa-paint-brush" label="AF_THEMING" name="astroid_theming" addfieldpath="/libraries/astroid/framework/fields" order="11">
         <field type="astroidgroup" name="colors" title="ASTROID_OPTIONS_COLOURS" /> 
         <field type="astroidgroup" name="sassoverrides" title="ASTROID_OPTIONS_OVERRIDES" /> 
         <field astroidgroup="colors" name="theme_colors_heading" type="astroidheading" title="AF_THEMING_ALL_COLORS" description="AF_THEMING_ALL_COLORS_DESC"></field>
         <field astroidgroup="colors" name="theme_blue" type="astroidcolor" large="true" label="TPL_COLOR_BLUE" default="#007bff"></field>
         <field astroidgroup="colors" name="theme_indigo" type="astroidcolor" large="true" label="TPL_COLOR_INDIGO" default="#6610f2"></field>
         <field astroidgroup="colors" name="theme_purple" type="astroidcolor" large="true" label="TPL_COLOR_PURPLE" default="#6f42c1"></field>
         <field astroidgroup="colors" name="theme_pink" type="astroidcolor" large="true" label="TPL_COLOR_PINK" default="#f36"></field>
         <field astroidgroup="colors" name="theme_red" type="astroidcolor" large="true" label="TPL_COLOR_RED" default="#dc3545"></field>
         <field astroidgroup="colors" name="theme_orange" type="astroidcolor" large="true" label="TPL_COLOR_ORANGE" default="#fd7e14"></field>
         <field astroidgroup="colors" name="theme_yellow" type="astroidcolor" large="true" label="TPL_COLOR_YELLOW" default="#ffc107"></field>
         <field astroidgroup="colors" name="theme_green" type="astroidcolor" large="true" label="TPL_COLOR_GREEN" default="#28a745"></field>
         <field astroidgroup="colors" name="theme_teal" type="astroidcolor" large="true" label="TPL_COLOR_TEAL" default="#20c997"></field>
         <field astroidgroup="colors" name="theme_cyan" type="astroidcolor" large="true" label="TPL_COLOR_CYAN" default="#17a2b8"></field>
         <field astroidgroup="colors" name="theme_white" type="astroidcolor" large="true" label="TPL_COLOR_WHITE" default="#fff"></field>
         <field astroidgroup="colors" name="theme_gray100" type="astroidcolor" large="true" label="TPL_COLOR_LIGHT_GREY" default="#f8f9fa"></field>
         <field astroidgroup="colors" name="theme_gray600" type="astroidcolor" large="true" label="TPL_COLOR_GREY" default="#6c757d"></field>
         <field astroidgroup="colors" name="theme_gray800" type="astroidcolor" large="true" label="TPL_COLOR_GREY_DARK" default="#2c2e36"></field>
         
         <field astroidgroup="colors" name="theme_scheme_heading" type="astroidheading" title="AF_THEMING_ALL_THEME_COLORS" description="AF_THEMING_ALL_THEME_COLORS_DESC"></field>
         
         <field astroidgroup="colors" name="theme_primary" type="astroidlist" class="form-control" default="blue" label="Primary" bootstrap-color="true" />
         <field astroidgroup="colors" name="theme_secondary" type="astroidlist" class="form-control" default="gray600" label="Secondary" bootstrap-color="true" />
         <field astroidgroup="colors" name="theme_success" type="astroidlist" class="form-control" default="green" label="Success" bootstrap-color="true" />
         <field astroidgroup="colors" name="theme_info" type="astroidlist" class="form-control" default="cyan" label="Info" bootstrap-color="true" />
         
         <field astroidgroup="colors" name="theme_warning" type="astroidlist" class="form-control" default="yellow" label="Warning" bootstrap-color="true" />
         <field astroidgroup="colors" name="theme_danger" type="astroidlist" class="form-control" default="red" label="Danger" bootstrap-color="true" />
         
         <field astroidgroup="colors" name="theme_light" type="astroidlist" class="form-control" default="gray100" label="Light" bootstrap-color="true" />
         <field astroidgroup="colors" name="theme_dark" type="astroidlist" class="form-control" default="gray800" label="Dark" bootstrap-color="true" />
         
         <field astroidgroup="sassoverrides" name="sass_overrides" type="astroidsassoverrides" default='[{"variable":"btn-border-radius-lg","value":"0.2rem","color":false},{"variable":"btn-padding-y-lg","value":"0.6rem","color":false},{"variable":"btn-padding-x-lg","value":"2.5rem","color":false}]'></field>  
      </fieldset>
   </fields>
</form>